{
"pipeline_0_num_tf_prob_logits": [[1.0], [1.0], [1.0], [1.0], [1.0], [1.0], [1.0], [1.0]],
"pipeline.4.tf_prob_logits": [[0.2379463165998459, 0.35542798042297363, 0.35860902070999146, 0.04801671579480171], [0.2815118432044983, 0.3134065270423889, 0.30725374817848206, 0.09782794117927551], [0.3579433858394623, 0.2669914662837982, 0.267426460981369, 0.1076386570930481], [0.3474574685096741, 0.2655782401561737, 0.2625844478607178, 0.12437986582517624], [0.3646070063114166, 0.24620816111564636, 0.24020029604434967, 0.14898455142974854], [0.40001896023750305, 0.22968944907188416, 0.22806324064731598, 0.1422283798456192], [0.7888765335083008, 0.04991723969578743, 0.050585050135850906, 0.11062110960483551], [0.9543726444244385, 0.016323979943990707, 0.016237644478678703, 0.013065761886537075]],
"pipeline.5.tf_prob_logits": [[0.011581452563405037, 0.011581452563405037, 0.14188607037067413, 0.1620316058397293, 0.18523314595222473, 0.1944703757762909, 0.011128314770758152, 0.031602006405591965, 0.1462552845478058, 0.10423031449317932], [0.070652537047863, 0.056183695793151855, 0.03533138334751129, 0.01983797177672386, 0.02950240671634674, 0.023046325892210007, 0.06510404497385025, 0.04856976866722107, 0.01785004511475563, 0.6339218616485596], [0.053025394678115845, 0.053025394678115845, 0.05250300467014313, 0.053025949746370316, 0.06879915297031403, 0.08332031220197678, 0.053025394678115845, 0.053025394678115845, 0.053025394678115845, 0.4772244691848755], [0.03656047582626343, 0.02319072186946869, 0.01708407700061798, 0.022818082943558693, 0.022709673270583153, 0.026707042008638382, 0.02109067142009735, 0.017113097012043, 0.016949661076068878, 0.7957764863967896], [0.022842826321721077, 0.01023432333022356, 0.006052395328879356, 0.006594344507902861, 0.006451727822422981, 0.008890525437891483, 0.010955329984426498, 0.008339693769812584, 0.006870953366160393, 0.9127678871154785], [0.06157775968313217, 0.0508430190384388, 0.032974306493997574, 0.034179169684648514, 0.03691468387842178, 0.0480048842728138, 0.053128432482481, 0.046615492552518845, 0.03470858931541443, 0.6010536551475525], [0.004924327600747347, 0.0101524218916893, 0.05214386433362961, 0.30297020077705383, 0.19399100542068481, 0.010119459591805935, 0.027543315663933754, 0.06368668377399445, 0.3017657697200775, 0.03270295262336731], [0.0590255968272686, 0.05902545526623726, 0.05921643227338791, 0.03748679533600807, 0.03743939474225044, 0.039495669305324554, 0.0590255968272686, 0.0590255968272686, 0.059027787297964096, 0.5312316417694092]],
"pipeline.6.tf_prob_logits": [[0.06782442331314087, 0.02802560292184353, 0.030962565913796425, 0.06933222711086273, 0.029016952961683273, 0.031627386808395386, 0.7432109117507935], [0.057453036308288574, 0.07168164104223251, 0.16745376586914062, 0.058619424700737, 0.1301800012588501, 0.14201505482196808, 0.3725970387458801], [0.03719274699687958, 0.13803823292255402, 0.22455032169818878, 0.04066961258649826, 0.09015943855047226, 0.20527830719947815, 0.26411134004592896], [0.0774841159582138, 0.09581132233142853, 0.15039831399917603, 0.06268836557865143, 0.09761685878038406, 0.10014257580041885, 0.41585850715637207], [0.07186518609523773, 0.07381187379360199, 0.16489151120185852, 0.06432223320007324, 0.10643747448921204, 0.10861776769161224, 0.4100538492202759], [0.079866424202919, 0.07969354093074799, 0.09434980154037476, 0.08041609823703766, 0.09262397140264511, 0.09379659593105316, 0.4792536199092865], [0.08651181310415268, 0.04159782454371452, 0.02386648766696453, 0.06356818974018097, 0.04311877116560936, 0.041771300137043, 0.6995656490325928], [0.15749801695346832, 0.05255647748708725, 0.029926344752311707, 0.01951540820300579, 0.02356710471212864, 0.02452068030834198, 0.6924160122871399]]
}
