{
    "pipeline.0.num_tf_prob_logits": [[1.0], [1.0], [1.0], [1.0], [1.0], [1.0], [1.0]],
    "pipeline.0.cat_tf_prob_logits": [[1.0], [1.0]],
    "pipeline.1.tf_prob_logits": [[0.561473548412323, 0.12555032968521118, 0.12553708255290985, 0.18743903934955597], [0.4289790987968445, 0.2173900604248047, 0.21740803122520447, 0.13622277975082397], [0.5614749789237976, 0.12550657987594604, 0.1254674345254898, 0.18755100667476654], [0.5492722988128662, 0.1293950229883194, 0.19848811626434326, 0.12284453213214874], [0.598852276802063, 0.1337481439113617, 0.1337466835975647, 0.13365285098552704], [0.42911043763160706, 0.21390561759471893, 0.2139030396938324, 0.1430809050798416], [0.3987216353416443, 0.20053260028362274, 0.20050618052482605, 0.20023955404758453], [0.4103117883205414, 0.21667949855327606, 0.2166787087917328, 0.15632997453212738], [0.4392716884613037, 0.1858837753534317, 0.18601270020008087, 0.1888318508863449]],
    "pipeline.2.tf_prob_logits": [[0.048856064677238464, 0.048862554132938385, 0.07300124317407608, 0.07299012690782547, 0.07284160703420639, 0.07307974994182587, 0.04885081201791763, 0.04885370284318924, 0.07298998534679413, 0.4396741986274719], [0.052708834409713745, 0.052708834409713745, 0.052631303668022156, 0.05270908400416374, 0.07845631241798401, 0.0782814621925354, 0.052708834409713745, 0.052708834409713745, 0.052708808332681656, 0.47437772154808044], [0.04444197192788124, 0.04455893486738205, 0.044515423476696014, 0.04463376849889755, 0.04496341198682785, 0.046211328357458115, 0.044503431767225266, 0.04455069452524185, 0.0445818156003952, 0.5970393419265747], [0.04883059486746788, 0.04883594065904617, 0.07303138077259064, 0.07297249883413315, 0.07296983897686005, 0.07296920567750931, 0.048949550837278366, 0.04904504865407944, 0.07296999543905258, 0.4394260346889496], [0.06511331349611282, 0.04361923784017563, 0.043598420917987823, 0.043600987643003464, 0.043619997799396515, 0.04372165724635124, 0.04359282925724983, 0.043598972260951996, 0.04360739514231682, 0.5859271883964539], [0.05005251616239548, 0.05013590678572655, 0.07482863962650299, 0.07477390021085739, 0.07478220015764236, 0.0747799202799797, 0.05005139485001564, 0.050065431743860245, 0.05004796013236046, 0.4504821300506592], [0.05489356070756912, 0.05490301176905632, 0.044151417911052704, 0.06920317560434341, 0.050372395664453506, 0.06673146784305573, 0.054873254150152206, 0.054873254150152206, 0.054823145270347595, 0.4951753318309784], [0.05053378641605377, 0.05053378641605377, 0.05053378641605377, 0.08066470921039581, 0.08066470921039581, 0.08066470921039581, 0.05053378641605377, 0.05053378641605377, 0.05053378641605377, 0.4548032283782959], [0.05344534292817116, 0.05344534292817116, 0.05344534292817116, 0.06610605865716934, 0.06610605865716934, 0.06610605865716934, 0.05344534292817116, 0.05344534292817116, 0.05344534292817116, 0.4810098111629486]],
    "pipeline.3.tf_prob_logits": [[0.09355767071247101, 0.0627770721912384, 0.06278640031814575, 0.09373700618743896, 0.06285920739173889, 0.06283736228942871, 0.5614452958106995], [0.09202554821968079, 0.12056881934404373, 0.06693310290575027, 0.05623516067862511, 0.06300447881221771, 0.06366012990474701, 0.5375728607177734], [0.09030423313379288, 0.09085915237665176, 0.0935569554567337, 0.062262099236249924, 0.06150577589869499, 0.06173165515065193, 0.5397800803184509], [0.09071075171232224, 0.09067104011774063, 0.060714200139045715, 0.09216020256280899, 0.06073155999183655, 0.06072854623198509, 0.5442836284637451], [0.09343897551298141, 0.09365128725767136, 0.0646480843424797, 0.06284242868423462, 0.06286395341157913, 0.06290564686059952, 0.5596495866775513], [0.06461510062217712, 0.06427472829818726, 0.09757692366838455, 0.0650324821472168, 0.06539791822433472, 0.06590069085359573, 0.5772022008895874], [0.06428150832653046, 0.06466563045978546, 0.06470172107219696, 0.0969756692647934, 0.06481561809778214, 0.06477487832307816, 0.5797850489616394], [0.09315204620361328, 0.061855580657720566, 0.061749931424856186, 0.09001262485980988, 0.09265390038490295, 0.06198811158537865, 0.5385878682136536], [0.09506350010633469, 0.06712192296981812, 0.06679584085941315, 0.09069311618804932, 0.07344269752502441, 0.06743117421865463, 0.5394517183303833]]
}