{
    "pipeline.0.num_tf_prob_logits": [[1.0], [1.0], [1.0], [1.0], [1.0], [1.0], [1.0]],
    "pipeline.0.cat_tf_prob_logits": [[1.0], [1.0], [1.0]],
    "pipeline.1.tf_prob_logits": [[0.0008211934473365545, 0.015276382677257061, 0.9834339618682861, 0.0004684850573539734], [0.0005049016908742487, 0.11740942299365997, 0.8797114491462708, 0.0023742185439914465], [0.00433621509000659, 0.760909378528595, 0.22110389173030853, 0.013650610111653805], [0.8600156307220459, 0.0018950699595734477, 0.0018576451111584902, 0.13623149693012238], [0.356438010931015, 0.3240196108818054, 0.31845158338546753, 0.0010908613912761211], [0.001612322055734694, 0.3724691867828369, 0.6253765821456909, 0.0005418938235379755], [0.0005979377892799675, 0.37899118661880493, 0.6197870373725891, 0.000623891013674438], [0.03948172554373741, 0.30394646525382996, 0.35262545943260193, 0.3039463460445404], [0.010471664369106293, 0.02307145483791828, 0.9433854818344116, 0.023071415722370148], [0.9781551957130432, 0.007331789005547762, 0.007181262597441673, 0.007331802509725094]],
    "pipeline.2.tf_prob_logits": [[0.058804385364055634, 0.004392866510897875, 0.0002097721881000325, 0.000512436730787158, 0.0013511027209460735, 0.3810884952545166, 0.023076757788658142, 0.0011289875255897641, 0.00023633391538169235, 0.5291988849639893], [0.10234072059392929, 0.001203917432576418, 0.00012075567792635411, 1.651771344768349e-05, 2.3447495550499298e-05, 0.00012242241064086556, 0.022395676001906395, 0.0002028628223342821, 3.059553637285717e-05, 0.8735429644584656], [0.0040030828677117825, 0.00124091817997396, 0.7625499367713928, 0.002478881971910596, 0.03179490938782692, 0.1895691305398941, 0.0011772678699344397, 0.0016673054778948426, 0.0035981012042611837, 0.0019204564159736037], [0.10309586673974991, 0.0013106014812365174, 0.0006790964398533106, 0.0020171338692307472, 0.0003006390470545739, 1.2129129572713282e-05, 0.00450739124789834, 0.003966973628848791, 0.0023445524275302887, 0.8817657828330994], [0.029476970434188843, 0.045472465455532074, 0.18776772916316986, 0.11452693492174149, 0.08804735541343689, 0.051662981510162354, 0.030515000224113464, 0.04648761823773384, 0.146402508020401, 0.2596404552459717], [0.0004262896254658699, 0.9925209283828735, 5.8316691138315946e-05, 0.00015669589629396796, 4.452954817679711e-05, 6.111536640673876e-05, 0.001975001534447074, 0.0008393656462430954, 6.235845648916438e-05, 0.003855273826047778], [0.07357817143201828, 0.046932417899370193, 0.00037733669159933925, 0.01393338292837143, 0.0003455315891187638, 2.6410776627017185e-05, 0.063428595662117, 0.044298551976680756, 0.004813298583030701, 0.7522662281990051], [2.855865432138671e-06, 2.855865432138671e-06, 2.855865432138671e-06, 0.3333190381526947, 0.3333190381526947, 0.3333190381526947, 2.855865432138671e-06, 2.855865432138671e-06, 2.855865432138671e-06, 2.5702569473651238e-05], [7.64014657761436e-06, 7.64014657761436e-06, 7.64014657761436e-06, 0.3332951068878174, 0.3332951068878174, 0.3332951068878174, 7.64014657761436e-06, 7.64014657761436e-06, 7.64014657761436e-06, 6.876112456666306e-05], [0.0665913075208664, 0.0665913075208664, 0.0665913075208664, 0.00037137450999580324, 0.00037137450999580324, 0.00037137450999580324, 0.06659164279699326, 0.06659164279699326, 0.06659164279699326, 0.5993369817733765]],
    "pipeline.3.tf_prob_logits": [[0.00021923327585682273, 0.001242560101673007, 0.9948585033416748, 0.00020153117657173425, 0.0002800372603815049, 0.0011831074953079224, 0.00201505608856678], [0.01769331842660904, 0.08181338012218475, 0.1153632402420044, 0.014272140339016914, 0.004196939989924431, 0.007817311212420464, 0.758843719959259], [0.0026363355573266745, 0.0033885198645293713, 0.004997323267161846, 0.0008542179130017757, 0.0022084168158471584, 0.0033855303190648556, 0.9825296401977539], [6.231490260688588e-06, 1.4103826288192067e-05, 6.680426304228604e-05, 3.4352142392890528e-06, 1.7446755009586923e-05, 0.9998561143875122, 3.587394530768506e-05], [3.60824770950785e-07, 6.499871005871682e-07, 4.7061071200005244e-06, 3.745855678971566e-07, 1.847971589086228e-06, 0.999988317489624, 3.6587709928426193e-06], [4.43425597040914e-05, 0.000101003548479639, 0.0018975726561620831, 2.2126658222987317e-05, 0.00016360321023967117, 0.9974119067192078, 0.0003593782603275031], [1.4052736332814675e-05, 9.511549251328688e-06, 4.78539259347599e-05, 1.5254391655616928e-05, 5.345460522221401e-05, 0.9997900128364563, 6.988517270656303e-05], [9.355360816698521e-05, 0.00012701890955213457, 0.00020605175814125687, 0.00022351543884724379, 5.6784112530294806e-05, 0.00017518865934107453, 0.999117910861969], [0.006483799312263727, 0.004750851541757584, 0.006318365689367056, 0.014802224934101105, 0.0031486584339290857, 0.005307271610945463, 0.9591888189315796], [8.841714588925242e-05, 0.0003910560335498303, 0.9973978996276855, 0.00010891229612752795, 0.00014871079474687576, 0.0009267995483241975, 0.0009380901465192437]]
}
