{
    "pipeline.0.num_tf_prob_logits": [[1.0], [1.0], [1.0], [1.0], [1.0], [1.0], [1.0], [1.0]],
    "pipeline.4.tf_prob_logits": [[0.23737919330596924, 0.3557582199573517, 0.3589385747909546, 0.047923944890499115], [0.2817266285419464, 0.31325194239616394, 0.30709928274154663, 0.09792213141918182], [0.3582012951374054, 0.26685357093811035, 0.267282634973526, 0.10766253620386124], [0.34847018122673035, 0.2648390233516693, 0.26188960671424866, 0.12480118870735168], [0.3656391203403473, 0.24541115760803223, 0.23940503597259521, 0.14954473078250885], [0.40024739503860474, 0.2295578271150589, 0.22793243825435638, 0.14226238429546356], [0.7887187004089355, 0.04998943582177162, 0.050658535212278366, 0.11063326150178909], [0.9544128775596619, 0.016310282051563263, 0.016224181279540062, 0.013052593916654587]],
    "pipeline.5.tf_prob_logits": [[0.011527970433235168, 0.011527970433235168, 0.1425541192293167, 0.1619703620672226, 0.18496306240558624, 0.1946990042924881, 0.011076702736318111, 0.03161294013261795, 0.1463189274072647, 0.10374896973371506], [0.07064022868871689, 0.05613750219345093, 0.035411227494478226, 0.01988389901816845, 0.02950211986899376, 0.0230556707829237, 0.0651012733578682, 0.04855696111917496, 0.017892036586999893, 0.6338191032409668], [0.05301804840564728, 0.05301804840564728, 0.052493926137685776, 0.05301893129944801, 0.06880301237106323, 0.0834353044629097, 0.05301804840564728, 0.05301804840564728, 0.05301804840564728, 0.4771585762500763], [0.036550264805555344, 0.02324247546494007, 0.01711902767419815, 0.022847216576337814, 0.022765839472413063, 0.026489628478884697, 0.021188680082559586, 0.017138808965682983, 0.016981087625026703, 0.7956770062446594], [0.02296578511595726, 0.010259213857352734, 0.006049272138625383, 0.00659404369071126, 0.006454867776483297, 0.008881963789463043, 0.010926960967481136, 0.008340340107679367, 0.006887539755553007, 0.9126400947570801], [0.061547357589006424, 0.05082801356911659, 0.03297307342290878, 0.03417287766933441, 0.03690716624259949, 0.048085812479257584, 0.05309745669364929, 0.046603359282016754, 0.034653570502996445, 0.6011313199996948], [0.00495609687641263, 0.010109089314937592, 0.05212317779660225, 0.3008696436882019, 0.19800952076911926, 0.010100467130541801, 0.02753303386271, 0.06347624957561493, 0.30024445056915283, 0.0325782410800457], [0.059030257165431976, 0.05903007462620735, 0.05922149494290352, 0.03746815398335457, 0.037408988922834396, 0.03947378695011139, 0.059030257165431976, 0.059030257165431976, 0.05903255566954613, 0.531274139881134]],
    "pipeline.6.tf_prob_logits": [[0.06774582713842392, 0.027998119592666626, 0.030937226489186287, 0.06925589591264725, 0.028992649167776108, 0.03160417824983597, 0.7434660792350769], [0.05744139850139618, 0.07165946811437607, 0.16751666367053986, 0.05868052318692207, 0.13021251559257507, 0.1420275717973709, 0.37246188521385193], [0.037153664976358414, 0.13802474737167358, 0.2248464822769165, 0.04062899947166443, 0.09004510194063187, 0.20543807744979858, 0.2638629376888275], [0.07772538810968399, 0.09581540524959564, 0.14992450177669525, 0.06274294853210449, 0.09744726866483688, 0.0999448299407959, 0.41639968752861023], [0.0717657133936882, 0.07381455600261688, 0.1655944436788559, 0.06424185633659363, 0.10649540275335312, 0.10871236771345139, 0.40937572717666626], [0.07989544421434402, 0.07973214983940125, 0.09431799501180649, 0.08038447797298431, 0.09254554659128189, 0.09371714293956757, 0.4794072210788727], [0.08663471043109894, 0.04152630269527435, 0.02382383681833744, 0.06361419707536697, 0.04313191398978233, 0.04177122190594673, 0.6994978189468384], [0.15733961760997772, 0.05249134078621864, 0.029889613389968872, 0.019496740773320198, 0.02354488894343376, 0.02449263259768486, 0.6927452087402344]]
}