{
    "pipeline.0.num_tf_prob_logits": [[0.4646601378917694, 0.12412961572408676, 0.12412961572408676, 0.12412961572408676, 0.16295109689235687], [0.5272985100746155, 0.12673011422157288, 0.12673011422157288, 0.12673011422157288, 0.09251119941473007], [0.4854324758052826, 0.12185786664485931, 0.12185786664485931, 0.12185786664485931, 0.14899396896362305], [0.5704864859580994, 0.09556896239519119, 0.09561184048652649, 0.1427466720342636, 0.09558609873056412], [0.5707897543907166, 0.09549819678068161, 0.09550942480564117, 0.14270439743995667, 0.09549819678068161], [0.49200525879859924, 0.12713907659053802, 0.12713907659053802, 0.12713907659053802, 0.12657754123210907], [0.4960498511791229, 0.12597471475601196, 0.12597471475601196, 0.12597471475601196, 0.12602604925632477], [0.5450880527496338, 0.1362641155719757, 0.0911983847618103, 0.09119642525911331, 0.13625310361385345], [0.505488395690918, 0.12163524329662323, 0.12163524329662323, 0.12163524329662323, 0.12960585951805115], [0.5450968742370605, 0.136257141828537, 0.09119302034378052, 0.09119745343923569, 0.13625551760196686], [0.5106738209724426, 0.12786687910556793, 0.12786687910556793, 0.12786687910556793, 0.10572545230388641], [0.5456846952438354, 0.13621175289154053, 0.09099306911230087, 0.13599097728729248, 0.0911194384098053], [0.5203776359558105, 0.1257864534854889, 0.1257864534854889, 0.1257864534854889, 0.1022629365324974]],
    "pipeline.0.cat_tf_prob_logits": [[0.5, 0.5], [0.5, 0.5], [0.5, 0.5], [0.5, 0.5], [0.3780795633792877, 0.6219205260276794], [0.5718233585357666, 0.4281766414642334], [0.5, 0.5], [0.7292302846908569, 0.27076971530914307], [0.5960814952850342, 0.4039185643196106], [0.5, 0.5], [0.5, 0.5], [0.5, 0.5]],
    "pipeline.1.tf_prob_logits": [[0.5633775591850281, 0.1247326135635376, 0.1247391477227211, 0.18715067207813263], [0.4911130666732788, 0.14359281957149506, 0.14401446282863617, 0.2212795615196228], [0.562425971031189, 0.12480681389570236, 0.12481090426445007, 0.18795637786388397], [0.5604424476623535, 0.1252906769514084, 0.12528322637081146, 0.18898366391658783], [0.4214808940887451, 0.19286076724529266, 0.1927974969148636, 0.19286076724529266], [0.39927244186401367, 0.19980287551879883, 0.19979429244995117, 0.20113031566143036], [0.6070119738578796, 0.12993209064006805, 0.12951335310935974, 0.13354261219501495], [0.5303148627281189, 0.17588110268115997, 0.17582595348358154, 0.11797807365655899], [0.560305655002594, 0.12476985901594162, 0.12477488070726395, 0.19014964997768402], [0.4736444056034088, 0.15042291581630707, 0.15045101940631866, 0.22548165917396545], [0.5626222491264343, 0.12510772049427032, 0.1251114159822464, 0.18715858459472656], [0.42949286103248596, 0.21336743235588074, 0.21337758004665375, 0.14376217126846313], [0.47068852186203003, 0.15082384645938873, 0.15112164616584778, 0.22736600041389465], [0.6079257726669312, 0.12616313993930817, 0.1306273639202118, 0.1352837085723877], [0.4699651896953583, 0.1997760385274887, 0.19977767765522003, 0.1304810643196106], [0.5746282339096069, 0.12216676026582718, 0.12217119336128235, 0.18103380501270294], [0.5612944960594177, 0.12455160915851593, 0.12455157190561295, 0.18960228562355042], [0.5995922088623047, 0.1334560066461563, 0.13345429301261902, 0.13349750638008118], [0.5637018084526062, 0.12419421970844269, 0.12419665604829788, 0.18790727853775024], [0.3997543752193451, 0.20005793869495392, 0.20004814863204956, 0.2001395970582962], [0.7683055996894836, 0.084001325070858, 0.08452943712472916, 0.06316354125738144], [0.26693403720855713, 0.12971822917461395, 0.12971661984920502, 0.4736311435699463], [0.5272418856620789, 0.14677974581718445, 0.1464271992444992, 0.1795511245727539], [0.42825859785079956, 0.21339504420757294, 0.2133941501379013, 0.14495211839675903], [0.7258919477462769, 0.06182500720024109, 0.061764173209667206, 0.15051880478858948]],
    "pipeline.2.tf_prob_logits": [[0.05711216479539871, 0.05711216479539871, 0.04340538755059242, 0.057109933346509933, 0.060246434062719345, 0.039666786789894104, 0.05711216479539871, 0.05711216479539871, 0.05711216479539871, 0.5140107274055481], [0.057663723826408386, 0.057663723826408386, 0.05770660564303398, 0.05766057223081589, 0.038666676729917526, 0.03867599740624428, 0.057663723826408386, 0.057663723826408386, 0.05766025930643082, 0.518975019454956], [0.056564245373010635, 0.056564755737781525, 0.05661483854055405, 0.05654004216194153, 0.05691956356167793, 0.03803640976548195, 0.056564245373010635, 0.056565187871456146, 0.05654958635568619, 0.5090811252593994], [0.06118038669228554, 0.061179108917713165, 0.04092966392636299, 0.04093379154801369, 0.04092260077595711, 0.04093025252223015, 0.061180029064416885, 0.061186034232378006, 0.040933869779109955, 0.5506241917610168], [0.05870022997260094, 0.05870022997260094, 0.05870022997260094, 0.03983195871114731, 0.03983195871114731, 0.03983195871114731, 0.05870022997260094, 0.05870022997260094, 0.05870022997260094, 0.5283027291297913], [0.051361292600631714, 0.051359809935092926, 0.051327530294656754, 0.07652651518583298, 0.07652651518583298, 0.07652651518583298, 0.05137300118803978, 0.05137300118803978, 0.05137300118803978, 0.4622528553009033], [0.049722280353307724, 0.04980525001883507, 0.05023866519331932, 0.07552295923233032, 0.07548009604215622, 0.07537684589624405, 0.050329938530921936, 0.050354696810245514, 0.07556524127721786, 0.4476040303707123], [0.050064217299222946, 0.050201836973428726, 0.050106365233659744, 0.0748048648238182, 0.05003901198506355, 0.07455215603113174, 0.05010610446333885, 0.07484378665685654, 0.07481969147920609, 0.4504619538784027], [0.05997223034501076, 0.059972863644361496, 0.05995756387710571, 0.040111836045980453, 0.04008263722062111, 0.04010391607880592, 0.05997234955430031, 0.05996788293123245, 0.04010887071490288, 0.5397498607635498], [0.044484660029411316, 0.04455019161105156, 0.04456368088722229, 0.04456508532166481, 0.04458383098244667, 0.04459839686751366, 0.044540226459503174, 0.04455210268497467, 0.04456332325935364, 0.5989986062049866], [0.05996643006801605, 0.05994001403450966, 0.059899214655160904, 0.04011565446853638, 0.04012639448046684, 0.0401301346719265, 0.05994093045592308, 0.05993567034602165, 0.040124766528606415, 0.5398207902908325], [0.05266071483492851, 0.05266284942626953, 0.0526750311255455, 0.052675604820251465, 0.07869742810726166, 0.07869503647089005, 0.05266274884343147, 0.052663855254650116, 0.05267542973160744, 0.47393131256103516], [0.05136849731206894, 0.05139201879501343, 0.05140794813632965, 0.0767962634563446, 0.07678509503602982, 0.05139816924929619, 0.05136677250266075, 0.051378775388002396, 0.0767950788140297, 0.46131137013435364], [0.0659884512424469, 0.0659884512424469, 0.0659884512424469, 0.001857840921729803, 0.001857840921729803, 0.001857840921729803, 0.0659884512424469, 0.0659884512424469, 0.0659884512424469, 0.5984957218170166], [0.00020757413585670292, 0.00020757413585670292, 0.00020757413585670292, 0.33225470781326294, 0.33225470781326294, 0.33225470781326294, 0.00020757413585670292, 0.00020757413585670292, 0.00020757413585670292, 0.0019904221408069134], [0.06450982391834259, 0.06407707929611206, 0.04154648259282112, 0.04154648259282112, 0.04154648259282112, 0.04154648259282112, 0.04154648259282112, 0.04154648259282112, 0.04154648259282112, 0.5805877447128296], [0.06398993730545044, 0.06385406851768494, 0.04232107475399971, 0.04232107475399971, 0.04232107475399971, 0.04232107475399971, 0.04232107475399971, 0.04232107475399971, 0.04232107475399971, 0.5759084820747375], [0.06645351648330688, 0.06645351648330688, 0.06645351648330688, 0.06645351648330688, 0.06645351648330688, 0.06645351648330688, 0.06645351648330688, 0.06645351648330688, 0.06645351648330688, 0.40191832184791565], [0.06545087695121765, 0.043337494134902954, 0.04329691454768181, 0.04314294829964638, 0.04314294829964638, 0.04314294829964638, 0.04314294829964638, 0.04314294829964638, 0.04314294829964638, 0.5890570878982544], [0.04553862661123276, 0.06807820498943329, 