{
    "pipeline.0.num_tf_prob_logits": [[1.0], [1.0], [1.0], [1.0], [1.0], [1.0], [1.0]],
    "pipeline.0.cat_tf_prob_logits": [[1.0], [1.0], [1.0]],
    "pipeline.1.tf_prob_logits": [[0.46563565731048584, 0.18957622349262238, 0.18957622349262238, 0.15521188080310822], [0.5498338937759399, 0.15005533397197723, 0.15005533397197723, 0.15005533397197723], [0.46563565731048584, 0.18957622349262238, 0.18957622349262238, 0.15521188080310822], [0.532154381275177, 0.14523044228553772, 0.1452304571866989, 0.17738474905490875], [0.4501660168170929, 0.18327800929546356, 0.18327800929546356, 0.1832779198884964], [0.5321545004844666, 0.14523041248321533, 0.14523041248321533, 0.17738473415374756], [0.4656357169151306, 0.1895761787891388, 0.1895761787891388, 0.155211940407753], [0.4501659870147705, 0.18327799439430237, 0.18327799439430237, 0.18327799439430237], [0.45016616582870483, 0.1832779496908188, 0.1832779198884964, 0.1832779496908188], [0.5498338937759399, 0.15005533397197723, 0.15005533397197723, 0.15005533397197723]],
    "pipeline.2.tf_prob_logits": [[0.05422186478972435, 0.05422186478972435, 0.05422177538275719, 0.05422181263566017, 0.0662263035774231, 0.06622635573148727, 0.05422186478972435, 0.05422183871269226, 0.05422181263566017, 0.4879944920539856], [0.054221753031015396, 0.054221753031015396, 0.054221753031015396, 0.054221753031015396, 0.06622643768787384, 0.06622643768787384, 0.054221753031015396, 0.054221753031015396, 0.054221753031015396, 0.48799484968185425], [0.05612053722143173, 0.05612053722143173, 0.056120630353689194, 0.056120578199625015, 0.05612064152956009, 0.04594789072871208, 0.05612053722143173, 0.056120552122592926, 0.056120604276657104, 0.5050874948501587], [0.05669739842414856, 0.05669739842414856, 0.04642006754875183, 0.05669742450118065, 0.04642006754875183, 0.05669736862182617, 0.05669739842414856, 0.05669739842414856, 0.05669742450118065, 0.510278046131134], [0.05669746175408363, 0.05669746175408363, 0.05669727176427841, 0.05669684335589409, 0.04642008990049362, 0.04642008990049362, 0.05669746175408363, 0.05669746175408363, 0.05669745057821274, 0.5102782845497131], [0.05175401642918587, 0.06318765133619308, 0.06319185346364975, 0.06318370252847672, 0.05173827335238457, 0.06319152563810349, 0.05175407603383064, 0.06318766623735428, 0.06315432488918304, 0.46565690636634827], [0.056697115302085876, 0.05669712647795677, 0.05669703334569931, 0.05669722333550453, 0.04642034322023392, 0.04642026871442795, 0.05669712647795677, 0.05669712647795677, 0.056697238236665726, 0.5102794170379639], [0.05357848480343819, 0.05357848480343819, 0.05357848480343819, 0.06544090062379837, 0.06544090062379837, 0.06544090062379837, 0.05357848480343819, 0.05357848480343819, 0.05357848480343819, 0.48220640420913696], [0.05728625878691673, 0.05728625878691673, 0.05728625878691673, 0.04690203443169594, 0.04690203443169594, 0.04690203443169594, 0.05728625878691673, 0.05728625878691673, 0.05728625878691673, 0.5155763626098633], [0.05728625878691673, 0.05728625878691673, 0.05728625878691673, 0.04690203443169594, 0.04690203443169594, 0.04690203443169594, 0.05728625878691673, 0.05728625878691673, 0.05728625878691673, 0.5155763626098633]],
    "pipeline.3.tf_prob_logits": [[0.09014157950878143, 0.07380171865224838, 0.07380171865224838, 0.07380187511444092, 0.07380171865224838, 0.07380171865224838, 0.5408496260643005], [0.0776059553027153, 0.09478811174631119, 0.09478811174631119, 0.0776059553027153, 0.09478811174631119, 0.09478811174631119, 0.46563565731048584], [0.0776059553027153, 0.09478811174631119, 0.09478811174631119, 0.0776059553027153, 0.09478811174631119, 0.09478811174631119, 0.46563565731048584], [0.08869238942861557, 0.07261520624160767, 0.07261520624160767, 0.08869238942861557, 0.07261520624160767, 0.07261520624160767, 0.532154381275177], [0.08869235217571259, 0.07261522114276886, 0.07261520624160767, 0.08869238942861557, 0.07261520624160767, 0.07261520624160767, 0.532154381275177], [0.08869238942861557, 0.07261523604393005, 0.07261520624160767, 0.08869237452745438, 0.07261520624160767, 0.07261520624160767, 0.532154381275177], [0.07629504054784775, 0.09318695217370987, 0.09318695217370987, 0.09318695217370987, 0.09318695217370987, 0.09318695217370987, 0.4577701687812805], [0.08869239687919617, 0.07261520624160767, 0.07261520624160767, 0.08869239687919617, 0.07261520624160767, 0.07261520624160767, 0.5321544408798218], [0.0776059553027153, 0.09478811174631119, 0.09478811174631119, 0.0776059553027153, 0.09478811174631119, 0.09478811174631119, 0.46563565731048584], [0.0776059553027153, 0.09478811174631119, 0.09478811174631119, 0.0776059553027153, 0.09478811174631119, 0.09478811174631119, 0.46563565731048584]]
}
            [[[ 0.7657,  0.3444, -0.7629],
              [ 0.9073,  0.3391,  1.2712],
              [ 1.8674, -0.1954,  0.1612]],

            [[-0.7177, -0.8981, -0.0316],
             [-0.6984,  0.4357,  0.1753],
             [ 1.8163,  0.2991, -0.0543]],

            [[ 0.0530, -0.5757, -1.7821],
             [-0.6765,  2.1242, -0.1865],
             [ 2.4571, -0.9373,  1.4748]],

            [[-0.5298,  2.5070,  0.1786],
             [ 0.1468,  1.0843,  0.8626],
             [ 0.3415,  1.0651,  2.1154]],

            [[ 0.1152, -0.4242, -1.9034],
             [-1.2083,  1.4392, -0.7696],
             [-3.2312, -0.8479,  1.2173]],

            [[ 0.3981,  0.0099, -0.7463],
             [-0.3106,  0.0925,  1.7734],
             [-0.0897,  1.0837,  0.9793]],

            [[-1.5504, -1.2802, -0.3610],
             [-0.4601,  0.4956, -1.0823],
             [ 1.4264,  0.9547, -0.3805]],

            [[ 0.8000, -1.3344, -0.6008],
             [ 0.0716, -0.2600, -0.4047],
             [-1.5746, -0.4416, -0.2003]],

            [[-1.1483, -0.5709,  1.0505],
             [ 1.1966,  0.9738, -0.6603],
             [ 1.3858,  0.9168,  0.1053]],

            [[ 0.2051,  1.0220,  1.6663],
             [ 2.4581, -0.1334, -0.1135],
             [ 1.9606, -1.8804,  1.6986]]]