{
    "pipeline.0.num_tf_prob_logits": [[0.518982470035553, 0.13177984952926636, 0.13177984952926636, 0.13177984952926636, 0.08567804098129272], [0.4498009979724884, 0.11492875963449478, 0.11492875963449478, 0.11492875963449478, 0.20541277527809143], [0.011433225125074387, 0.00286965467967093, 0.00286965467967093, 0.00286965467967093, 0.9799577593803406], [0.43587082624435425, 0.11068752408027649, 0.11068752408027649, 0.11068752408027649, 0.2320665419101715], [0.0007842436898499727, 0.00016392332327086478, 0.0018411010969430208, 0.002458857372403145, 0.9947518706321716], [0.0007832937408238649, 0.00029935280326753855, 0.9967228770256042, 0.0018961169989779592, 0.00029838315094821155], [0.43604257702827454, 0.1169082522392273, 0.1169082522392273, 0.1169082522392273, 0.21323271095752716], [0.5820008516311646, 0.1305544525384903, 0.1305544525384903, 0.1305544525384903, 0.026335788890719414], [0.010848973877727985, 0.0008912576013244689, 0.004062165971845388, 0.9833555817604065, 0.000842004141304642], [0.48166465759277344, 0.12058349698781967, 0.12058349698781967, 0.12058349698781967, 0.15658488869667053], [0.2534750699996948, 0.007836035452783108, 0.5863697528839111, 0.14514464139938354, 0.007174478843808174], [0.5659456849098206, 0.13083133101463318, 0.13083133101463318, 0.13083133101463318, 0.0415603332221508], [0.10300099849700928, 0.01005562674254179, 0.022170407697558403, 0.0027723172679543495, 0.8620007038116455], [0.5514748692512512, 0.14375044405460358, 0.14375044405460358, 0.14375044405460358, 0.01727382466197014]],
    "pipeline.0.cat_tf_prob_logits": [[0.5, 0.5], [0.5, 0.5], [0.5, 0.5], [0.5, 0.5], [0.9975468516349792, 0.0024531518574804068], [0.9984174966812134, 0.0015824896981939673], [0.5, 0.5], [0.9936352968215942, 0.006364756263792515], [0.9910428524017334, 0.008957159705460072], [0.5, 0.5]],
    "pipeline.1.tf_prob_logits": [[0.9921276569366455, 0.0010444733779877424, 0.0010372459655627608, 0.005790601018816233], [0.9766853451728821, 0.0005396574852056801, 0.0005398165667429566, 0.022235259413719177], [0.059671588242053986, 0.31399229168891907, 0.3123456835746765, 0.3139905035495758], [0.9965201616287231, 0.00038769017555750906, 0.0003844021703116596, 0.0027076408732682467], [0.0010461515048518777, 0.8764316439628601, 0.1223306804895401, 0.00019148246792610735], [0.996414303779602, 0.0011947150342166424, 0.001196261029690504, 0.0011947161983698606], [0.015748878940939903, 0.4214024245738983, 0.5543479919433594, 0.00850074365735054], [0.11875946074724197, 0.03035419061779976, 0.03044355846941471, 0.8204427361488342], [7.849675603210926e-05, 0.005857226438820362, 0.9939448237419128, 0.00011947246821364388], [0.9281790852546692, 0.016051864251494408, 0.016822785139083862, 0.03894627094268799], [0.9974828362464905, 0.0003084579366259277, 0.0003209520655218512, 0.0018878175178542733], [0.00014943473797757179, 0.14430955052375793, 0.8554882407188416, 5.277586751617491e-05], [0.00014657816791441292, 0.003163449000567198, 0.9966360330581665, 5.389425132307224e-05], [0.7047681212425232, 0.05987328663468361, 0.05823853611946106, 0.17712010443210602], [0.35846808552742004, 0.0010484016966074705, 0.001046691439114511, 0.6394368410110474], [0.5738484859466553, 0.1372866928577423, 0.13848359882831573, 0.15038126707077026], [0.0017116944072768092, 0.00043896373244933784, 0.0004736756964121014, 0.9973757266998291], [0.00020172522636130452, 0.0008776221657171845, 0.0008366805850528181, 0.9980839490890503], [0.015496285632252693, 0.04778539016842842, 0.04896477237343788, 0.8877535462379456], [0.0023821229115128517, 0.004212433006614447, 0.9126631021499634, 0.08074226975440979], [3.4549237170722336e-05, 7.358921720879152e-05, 7.348528015427291e-05, 0.9998183846473694], [0.019337235018610954, 0.057083047926425934, 0.05886542424559593, 0.8647142648696899], [0.9518027901649475, 0.0019301892025396228, 0.0019255522638559341, 0.044341374188661575], [0.9977503418922424, 0.0008972048526629806, 0.0008458954398520291, 0.0005065220175310969]],